{"mean": [38.73772440107587, 20.283230124476137, 32.315694001376116, 53.80988720001668, 36.97443756385397, 0.75718053003482, 0.1811198033610642, -0.4982732256416672, -0.0020125520318592187, -0.014619159316945015, 0.00485423273076041, -0.019343599507933528, 7.1233427168115755, 2.869547934425888, 1.8936752294572674, -0.3043833911302934, 0.1617429920977461, -0.15846473766185024, 0.028462356372886303, 0.0068154401075874145, -0.06027913711140301], "std": [24.871800249269533, 23.213246011533304, 38.51670389795524, 36.7070535498407, 31.303772996238507, 0.12113595883862198, 0.23531771801417828, 0.24252789206267264, 0.12922119634054252, 0.34166757970912714, 0.3865497245517143, 0.2372416319833258, 3.717764611092413, 3.833941540694703, 3.6537014211392815, 1.7799964265178785, 1.832103996438491, 1.7079227591352562, 1.802553673303554, 1.6542028132396267, 1.8954551937837025]}